Topology,embed_type,space_group,genus,vertices,edges
abr,1b,P4(2)/mcm,15,3,3
aca,1,P6(3)/mmc,23,3,2
acaa,1,P6(3)/mmc,79,4,10
acs,1b,P6(3)/mmc,5,1,1
acsa,1b,P6(3)/mmc,13,1,3
acsg,1b,P6(3)22,7,1,3
act,1b,Ia-3d,29,2,2
afi,1b,P6/mcc,25,1,4
afw,1b,R32,4,1,2
afwa,1b,R32,13,2,6
afx,1b,P6(3)/mmc,49,2,7
afy,1b,P-31m,17,2,5
agw,1b,P6(3)/mmc,17,3,2
ahq,2,R-3m,8,3,2
ahr,1b,R-3,8,3,3
aht,1b,Cmcm,13,2,6
ala,1b,P-62m,10,3,2
alba,1b,P6/mmm,25,2,5
albd,4,P6/mmm,10,4,3
albxd,1a,P6/mmm,17,3,4
alca,1b,P6/mmm,61,4,9
alm,1b,P4(2)/mnm,21,2,4
alw,1b,Pbcn,29,3,6
ana,1b,Ia-3d,25,1,1
anae,1a,Ia-3d,97,1,4
anh,1b,P6(2)22,10,2,2
ant,1b,I4(1)/amd,7,2,2
apc,1b,Cmca,17,2,7
apd,1b,Cmca,17,2,7
apo,1b,Pbcn,13,2,3
asc,1b,P-62m,7,3,2
asd,2,P4/mmm,10,3,2
asda,1b,P4/mmm,29,4,9
asea,1b,P6/mmm,43,4,9
asfa,1b,I4(1)/amd,41,3,8
asn,1b,P31c,21,6,8
asp,1b,I-42d,11,3,3
ast,1a,Fm-3m,11,2,2
aste,1a,Fm-3m,41,2,3
asv,1b,P4/mmm,11,2,3
atn,1b,I4/mmm,9,1,3
atne,1b,I4/mmm,33,3,4
ato,1b,R-3m,13,1,4
att,1b,Pmma,13,2,6
atv,1b,Cmma,13,2,6
aww,1b,P4/nmm,25,2,5
baa,1b,I-42d,7,2,2
baae,1a,I-42d,25,2,6
bac,1b,P6(3)/mcm,19,2,4
baf,1b,Cmcm,9,2,5
baj,1a,Im-3m,73,2,5
bal,1b,P-31m,9,2,4
bam,1b,P6/mmm,49,2,7
ban,1b,I4(1)/amd,33,2,6
bao,1b,P6/mmm,11,2,3
bap,1b,P6(3)/mcm,33,2,5
bar,1a,Fm-3m,49,2,5
bas,1a,Pm-3m,37,2,4
bat,1a,Pm-3m,49,2,5
baw,1a,Im-3m,73,2,5
bay,1b,P6/mmm,17,2,4
baz,1a,P6(3)/mmc,13,2,3
bbb,1b,P6/mmm,19,2,4
bbc,1b,P4/mmm,13,2,4
bbd,1b,P4/mmm,25,2,6
bbe,1b,Imma,5,2,3
bbf,1b,Pmna,7,2,2
bbg,1b,Pccm,7,2,3
bbh,1b,Cmma,7,2,3
bbi,1b,C222(1),7,2,4
bbj,1b,Ama2,7,2,4
bbk,1b,P222(1),7,2,5
bbl,1b,I2(1)2(1)2(1),7,2,5
bbm,1b,C2/c,7,2,4
bbn,1b,I4/mmm,13,2,3
bbo,1b,I4/mmm,21,2,4
bbq,1b,P6(3)/mmc,31,2,4
bbr,1b,P4(1)22,9,2,3
bbs,1b,P6(1)22,13,2,3
bbv,1b,I4/mmm,9,2,3
bbx,1b,R32,7,2,3
bby,1b,P6/mmm,37,2,6
bbz,1b,P6/mmm,25,2,5
bca,1b,P6/mmm,37,2,6
bcb,1b,P4/mmm,17,2,5
bcd,1b,P4/mmm,25,2,6
bce,1b,P4/mmm,25,2,6
bcf,1b,P4/mmm,33,2,7
bcg,2b,Cccm,7,1,3
bch,1b,I2(1)3,17,3,3
bcj,1a,Im-3m,33,2,4
bcm,1b,P4(2)/m,7,2,3
bco,1b,P222(1),7,2,5
bcp,1b,Cmma,7,2,4
bcq,1b,Fmmm,7,2,4
bcs,2b,Ia-3d,17,1,1
bcu,1a,Im-3m,4,1,1
bcuf,1b,I422,5,1,3
bcug,1b,P4/nnc,9,1,3
bcuh,1b,P4(2)/nmc,9,1,3
bcuhe,1b,P4(2)/nmc,25,3,3
bcuk,1a,Im-3m,49,1,3
bcv,1b,Ia-3d,61,2,3
bcw,1b,Pa-3,49,2,4
bcx,1b,P4(3)32,33,2,4
bcy,1b,R-3c,19,2,4
bcz,1b,P4(3)32,37,2,4
bda,1b,I4(1)/amd,25,2,4
bel,1b,P-6m2,6,2,3
ben,1b,P-6m2,6,2,2
bik,1b,Cmcm,7,2,4
bix,1b,Ia-3,57,3,4
bmn,1b,I4(1)32,7,1,2
bne,1b,I2/m,6,2,4
bnl,1b,Ibam,17,2,5
bnna,1a,P6/mmm,14,2,4
bnnt,1b,P6/mmm,73,3,10
boe,1b,P23,6,2,2
bon,3c,Im-3m,91,2,4
bor,1b,P-43m,6,2,1
bpa,1b,Pbcn,9,2,4
bpb,u1b,P6(5)22,7,2,3
bpd,1b,Pnna,9,2,5
bpe,1b,Pnna,9,2,5
bpf,1b,P2/c,5,2,5
bpg,1b,C2/m,5,2,5
bpi,1b,Pbcn,9,2,4
bpj,1b,P4(2)/mmc,7,2,3
bpk,1b,Ibca,9,2,5
bpl,1b,Cmca,9,2,5
bpm,1b,Pbcm,9,2,5
bpn,1b,Pcca,9,2,5
bpo,1b,Pcca,9,2,5
bpp,1b,Fddd,5,2,3
bpq,1b,Imma,7,2,2
bpr,1b,Ia-3d,25,2,2
bps,1b,Ccca,7,2,4
bpt,1b,Pnnn,7,2,4
bpu,1b,Pm-3n,37,2,4
bpv,1b,Cmcm,7,2,4
brk,1b,Pbca,25,3,6
brl,1b,P6/mmm,10,2,2
brla,1b,P6/mmm,31,3,7
bsn,1a,I4(1)/amd,5,1,2
bsv,1b,I4(1)/amd,17,2,3
bto,1b,P6(2)22,4,1,2
btoe,1b,P6(2)22,10,2,2
btu,1a,Pmmm,7,2,5
btv,2b,Pmmm,6,2,4
buh,4,Pm-3n,65,3,3
bva,2b,Pm-3n,25,1,3
bwt,2,Pa-3,25,2,3
byl,1b,Imma,13,2,6
bzd,1b,P6/mmm,49,4,9
caba,1a,Pm-3m,34,2,4
cag,1b,Cmca,9,1,4
cai,1a,P4/mbm,11,2,4
cald,1b,I4/mcm,35,4,7
can,1b,P6(3)/mmc,13,1,3
cane,1b,P6(3)/mmc,49,3,4
cas,1b,Cmcm,13,3,6
cat,1b,P6(3)/mmc,11,2,2
cbd,1b,Cmcm,23,6,9
cbn,1b,C2/m,9,4,8
cbo,1b,Pa-3,25,1,2
cboe,1a,Pa-3,97,2,6
cda,1b,I4(1)22,7,2,2
cdj,1b,Im-3,15,2,2
cdl,2a,P4(2)/mmc,5,1,3
cdle,1b,P4(2)/mmc,9,3,2
cdm,2b,P4(2)/mmc,7,2,4
cdme,1b,P4(2)/mmc,13,4,3
cdn,2b,P4(2)/mmc,9,2,5
cdp,1b,P4(2)/ncm,13,2,3
cds,2a,P4(2)/mmc,3,1,2
cdt,2b,Pnna,5,1,3
cdz,2b,Pmmm,4,2,4
cdze,1b,Pmmm,7,4,3
cea,4b,Pmma,33,4,12
ced,4,P6/mmm,9,2,2
cee,2,P6/mmm,9,3,2
ceg,1b,P-3m1,9,3,2
ceh,4,P622,9,3,2
cel,2,P6/mmm,21,3,2
cen,4,P6/mmm,10,2,2
cena,1b,P6/mmm,29,3,6
ceo,1b,P6(3)/mcm,19,3,2
cep,1b,P-31m,10,3,2
ceq,1b,P-62m,10,3,2
cer,1b,P6(3)/mcm,19,3,2
ces,4,P-62m,14,3,2
cesa,1b,P-62m,31,4,9
cet,2,P6(3)/mcm,19,3,2
ceu,4,P6(3)/mcm,27,3,2
cev,4,P6(3)/mmc,25,3,2
cew,4,P6/mmm,28,3,2
cex,4,P6/mmm,29,3,2
cexa,1b,P6/mmm,61,4,10
cez,2,P6/mcc,17,3,2
cfc,1b,P6(3)/mmc,9,2,3
cfe,1b,R-3m,7,3,4
cgc,1b,P4(2)/ncm,53,3,8
cgs,1b,Pnma,33,4,9
cha,1b,R-3m,13,1,4
cla,1b,I-43m,42,4,6
clh,1b,P4(2)/mmc,5,2,3
cmc,1b,P4/mmm,41,3,9
cmd,1b,P4/mmm,57,4,12
cml,4,Cmc2(1),7,2,3
coi,4,I4(1),17,4,8
cor,1b,R-3c,15,2,2
crb,1b,I4/mmm,5,1,2
crba,1b,I4/mmm,17,2,5
crbe,1a,I4/mmm,17,2,3
crr,2,P-43m,13,1,2
crs,1a,Fd-3m,9,1,1
crsd,3b,Fd-3m,9,2,2
csp,1b,Pm-3n,121,3,7
csq,4,P6/mmm,16,2,1
csqa,1b,P6/mmm,37,2,6
cssa,4,P-4n2,17,2,6
ctn,1b,I-43d,11,2,1
ctnd,1b,I-43d,11,2,2
ctt,2,I4/mcm,17,3,2
cus,1b,Cmcm,9,2,4
cut,1b,P4/mmm,6,2,2
ddc,1b,Pm-3,17,2,3
dea,1b,Pna2(1),9,3,5
deh,2b,I4(1)/amd,9,1,3
dei,1b,I4(1)/amd,17,1,4
dft,1b,P4(2)/mmc,9,1,3
dfte,1b,P4(2)/mmc,33,3,4
dgn,1b,P432,17,2,3
dgp,4,I4/mmm,19,2,3
diag,1b,I4(1)22,5,1,3
diaj,1a,Fd-3m,49,1,3
dma,1b,C2/c,5,2,5
dmb,1b,P4(1)22,9,2,4
dmc,1b,P2(1)/c,7,2,4
dmd,1b,P4(2)/mmc,5,2,2
dme,1b,C2/m,6,2,5
dmf,1b,C222,4,2,3
dmg,1b,Pmmm,5,3,4
dmh,ib,Pmna,9,3,4
dmp,2b,Pnna,5,1,2
dna,4,Im-3m,39,3,2
dni,4,I432,18,3,2
dnj,4,Pn-3m,39,3,2
dnl,1b,Fd-3m,25,3,2
dnq,4,P-4m2,7,3,2
dnr,2,P6/mmm,16,3,2
dnu,4,Im-3m,55,3,2
dnx,2,Im-3m,23,3,2
dnz,4,Fd-3m,25,3,2
doh,1b,P6/mmm,35,4,7
dpa,2,Ia-3d,33,3,2
dpc,1b,Fd-3c,29,3,2
dpd,2,Fm-3m,17,3,2
dpe,2,Pm-3m,32,3,2
dtc,1b,P6(3)/mmc,41,3,7
eab,1b,P6(3)/mmc,37,2,5
eca,1a,P6(3)/mmc,7,1,2
ece,1a,P6(1)22,19,1,3
ecf,1a,P6(3)/mmc,19,1,3
ecg,1a,P6(3)/mmc,19,1,3
eci,1a,P4(1)2(1)2,13,1,3
ecn,1a,R3m,10,1,3
ecp,1b,P6(3)/m,19,1,3
ecr,1a,P3(2)21,19,1,5
ecv,1b,Fddd,13,1,4
edi,1b,P-4m2,6,2,3
edp,1b,Pa-3,49,2,4
edq,1b,Pm-3n,29,2,2
eea,4,R-3m,10,2,2
eed,1b,P4(2)/mcm,11,3,2
eft,4,P4/mmm,7,3,2
epa,2,R-3m,12,3,2
epaa,1b,R-3m,19,4,7
epba,1b,P4(2)/nnm,33,4,8
epc,1b,I4/mmm,15,3,2
epd,2,P4(2)32,21,3,2
epe,1b,Im-3m,31,3,2
epf,4,I4(1)/amd,11,3,2
epm,2,Pn-3m,33,3,2
epo,1a,Pm-3n,35,3,2
epp,2,Im-3m,33,3,2
epq,2,Pm-3m,41,3,2
epr,2,Pm-3n,29,3,2
eps,2,Pm-3m,19,3,2
ept,2,P4(2)/nnm,11,3,2
epu,4,R-3m,11,3,2
epx,2,I-4m2,6,3,2
epy,2,Fd-3m,33,3,2
eri,1b,P6(3)/mmc,37,2,6
esg,1b,C2/c,7,2,3
eta,1b,P6(2)22,4,1,2
etb,1b,R-3m,4,1,2
etc,1b,P6(3)/mmc,5,2,2
etd,1b,P6(1)22,7,1,3
ete,1b,P6(4)22,7,2,3
etf,1b,R-3c,7,1,3
etg,1b,P4(2)/mcm,9,2,3
eth,1b,Pmna,7,2,4
eti,1b,I4(1)/acd,17,2,4
etj,1b,P4(2)/nnm,9,2,3
etm,1b,Ibam,7,2,4
etn,1b,I4/mmm,9,2,3
eto,1b,I4(1)32,17,2,3
etp,1b,I4(1)32,17,2,3
etq,4,I432,9,2,2
ets,1b,I4(1)32,17,2,3
eye,1b,P6/mmm,14,2,2
eyea,1b,P6/mmm,37,3,7
fab,1a,Fm-3m,12,2,2
fcu,1a,Fm-3m,6,1,1
fdu,4,P4(2)/mmc,9,3,2
fdua,4b,P4(2)/mmc,29,4,9
fel,1b,C2/m,9,2,5
fet,2b,P4/mbm,9,2,3
ffc,1b,P4/mmm,6,3,2
ffd,1b,P6mm,16,4,4
fff,1a,Fm-3m,17,3,2
fgl,1b,R-3c,13,2,2
fjh,1b,I4/mcm,11,3,2
fla,1a,Fm-3m,12,2,2
flt,1b,I4/mmm,6,2,2
flu,1a,Fm-3m,6,2,1
flue,1a,Fm-3m,17,1,2
fly,2,Imma,7,2,3
fmj,1b,Immm,11,5,4
fmz,4,R-3c,19,2,3
fof,1b,R-3m,7,2,2
fog,1b,R-3m,7,2,2
frf,4,Cmcm,15,4,4
frl,1b,Cmmm,6,2,3
fry,1b,Cmmm,7,2,5
fsa,1b,P6/mmm,17,2,3
fsb,1b,P6/mmm,11,2,2
fsc,2b,P4/mmm,4,2,2
fsd,1a,P4/mmm,5,2,3
fsf,2,Imm2,4,2,3
fsg,2,Pmmm,4,2,4
fsh,1b,R-3m,5,2,2
fsi,1b,Ibam,15,3,3
fsk,1b,Pnma,17,3,5
fsm,1b,Pnma,17,3,5
fsn,1b,Pa-3,17,2,2
fso,1b,P2(1),9,3,7
fsx,1b,I4/mmm,8,2,3
fsy,1b,Cmmm,8,3,2
ftc,1b,I4(1)/amd,25,2,4
ftd,1a,I4(1)/amd,33,2,7
fte,1b,P4/mmm,25,2,6
ftf,1b,P6(3)/mcm,49,2,7
ftg,1b,P6(3)/mmc,37,2,6
fth,1b,I4/mmm,33,2,7
fti,1b,I4/mmm,33,2,7
ftj,1b,I4/mmm,25,2,6
ftk,1b,P4(2)/mmc,33,2,7
ftl,1b,P-43m,25,2,5
ftn,1b,I4/mmm,13,2,4
fto,1a,Pm-3n,31,2,3
ftp,1b,P4(2)/mnm,25,2,5
ftv,1b,Im-3,25,2,4
ftw,2b,Pm-3m,9,2,1
fty,1a,Pm-3m,97,2,7
ftz,1b,Pn-3m,97,2,6
fua,1b,R-3m,19,2,5
fud,1a,P-43m,16,2,3
fue,1a,Pm-3m,73,2,6
fuf,1b,Pn-3m,49,2,3
fug,1a,Pm-3m,97,2,7
fuh,1a,Pm-3n,73,2,5
fui,1b,Im-3m,73,2,6
fuj,1a,Pn-3m,73,2,5
ful,1a,Pn-3m,97,2,7
fum,1b,P-31m,25,2,6
fun,1b,I4/mmm,25,2,6
fuo,1b,I4/mmm,33,2,7
fup,1b,P4/nmm,33,2,7
fur,1b,I4(1)/amd,25,2,5
fus,1a,Pm-3m,49,2,5
fut,1a,Pm-3m,73,2,6
fuu,1b,R-3m,25,2,6
fuv,1a,Pm-3m,37,2,4
fuy,1a,Pn-3m,73,2,5
fuz,1a,Pn-3m,73,2,5
fva,1b,I4/mmm,25,2,6
fvb,1b,P-3m1,25,2,7
fvc,1b,P6(3)/mmc,49,2,7
fvd,1b,I4/mcm,33,2,6
fve,1b,P4/nbm,33,2,6
fvh,1b,Im-3,37,2,5
fvi,1a,Pm-3n,73,2,6
fvj,1b,Pm-3,37,2,5
fvk,1b,I-4m2,13,2,5
fvm,1b,P6(3)/mcm,37,2,5
fvn,1b,P-31m,19,2,5
fvo,1b,P6(3)/mmc,37,2,6
fvp,1b,R-3m,25,2,7
fvq,1a,Pn-3m,97,2,7
fvr,1b,R-3m,19,2,5
fvs,1b,Pa-3,49,2,4
fvt,1b,I4/mcm,25,2,5
fvu,1b,P4/nbm,25,2,5
fvv,1b,I432,49,2,6
fvw,1b,P4(2)/mmc,25,2,6
fvx,1b,Im-3m,49,2,5
fwz,1b,P6/mmm,37,2,6
gaf,1b,Cmmm,5,2,4
gah,1b,R-3m,6,2,3
gal,3,Ia-3d,53,2,2
gao,1a,Pm-3n,17,3,2
gar,1a,Ia-3d,29,2,1
gcc,1b,P6/mmm,25,2,5
gcd,1b,P6/mmm,49,3,8
gee,1b,Pm-3m,16,3,2
geo,1b,Pm-3,16,3,4
ggl,1b,R-3c,13,2,3
gie,1b,Ia-3d,49,1,2
gis,1b,I4(1)/amd,9,1,2
gme,1b,P6(3)/mmc,25,1,4
gmee,1b,P6(3)/mmc,97,4,6
gra,1a,P6(3)/mmc,5,2,2
gwe,1b,P6(3)/mmc,43,5,5
gwg,1b,P2(1)/n,5,2,3
hbk,1b,I4/mmm,25,4,5
hbl,2,P4/mmm,13,2,4
hbm,2,P4/mmm,13,2,3
hbo,1a,Pm-3n,25,1,2
hboe,1a,Pm-3n,97,2,4
hbr,1,P6/mmm,28,2,3
hcpd,1a,P6(3)/mmc,11,2,3
hea,1b,R32,8,2,2
hec,ib,Im-3,19,2,3
hee,1b,Pm-3m,37,2,4
het,1b,I-43m,15,3,2
hex,1a,P6/mmm,4,1,2
hey,3,I432,15,3,2
hfp,4,Cmcm,21,4,4
hha,1b,P4(2)/nnm,25,4,7
hhb,1b,I4/mmm,25,4,7
hmc,4,Fm-3m,27,3,2
hms,2b,P-6m2,3,2,2
hmse,1a,P-6m2,9,2,3
hmst,1b,P6(3)/mmc,97,5,11
hof,1b,I4/mmm,4,2,2
hst,1b,P6(4)22,7,2,2
htp,4,Imma,9,2,2
htpa,1b,Imma,19,4,8
hwx,2,P42/mnm,13,2,2
hxg,2b,Pn-3m,9,1,1
hyk,1b,R-3m,14,3,3
hyl,4,R-3m,14,3,4
hyw,4,P4(2)/nnm,17,3,2
hyx,1b,P4(2)/nnm,17,3,3
iab,1b,I4(1)/amd,11,3,2
iac,1a,Ia-3d,29,2,1
iacd,1a,Ia-3d,29,3,2
ibe,1b,Ia-3d,29,2,2
icm,1b,P6(3)/mmc,17,2,4
ict,1b,R-3c,13,1,3
icv,1b,C2/c,15,4,8
idp,1b,Im-3,18,3,2
ins,1b,Pnnm,7,2,3
iph,1b,I4(1)/amd,9,2,3
irl,1b,Cccm,5,1,3
isa,1b,P4(2)/mbc,49,5,7
isc,1b,Pbcn,25,4,7
isd,1b,I4(1)/a,25,5,7
ise,1b,Pccn,49,7,12
isi,1b,C2/c,25,7,12
isj,1b,Pbca,49,6,12
isk,1b,P2(1)/c,25,6,12
isl,1b,Pbcn,25,3,7
ism,1b,I-42d,25,5,7
isn,1b,P4(2)/n,49,8,12
iso,1b,Pbca,49,6,12
isp,1b,P2(1)/c,25,6,12
isq,1b,P4(2)/mnm,13,2,3
iss,1b,P6(2)22,19,3,4
isu,1b,I4(1)/acd,49,5,6
isx,1b,Fddd,13,2,4
isy,1b,Pnma,25,3,7
ith,4,Pm-3n,17,2,1
itha,1b,Pm-3n,73,2,5
ithd,3b,Pm-3n,17,2,2
itv,1b,I-42d,7,2,2
jaj,1b,P4(2)/mnm,11,3,2
jbw,1b,Pmma,7,2,4
jcy,4,P-62c,11,3,3
jea,1b,Imm2,4,2,3
jeb,1b,Cmmm,4,2,3
jec,1b,Cmmm,6,4,5
jjt,1b,P-62c,9,3,2
jph,1b,I4(1)/amd,7,2,2
jsc,1b,Ibam,15,3,4
jse,1b,I4(1)/a,15,3,4
jus,4,Cmcm,11,2,3
jusa,1b,Cmcm,33,6,12
jxj,2b,P4(2)/ncm,13,2,3
kag,1a,P6/mmm,7,1,2
kagd,2b,P6/mmm,7,2,3
kce,4,Im-3m,39,3,2
kdd,1b,Cmc2(1),5,2,3
kea,1b,P4(3)2(1)2,13,2,3
keae,1b,P4(3)2(1)2,49,3,10
ken,4,P6(3)/mmc,11,2,2
kew,2,P6/mmm,10,3,2
kex,4,P6(3)/mmc,21,3,2
key,4,P622,10,3,2
kez,4,P6/mcc,19,3,2
kfi,1a,Im-3m,49,1,4
kga,1b,I-4m2,16,3,6
kgn,1b,P432,29,3,5
kgq,1b,I4(1)32,29,3,5
kkm,2,Pbam,11,2,5
kle,1b,Im-3,33,3,4
kms,4,P6(3)/mcm,31,3,4
knaa,1b,P6/mmm,43,4,9
knb,4,P6/mmm,16,3,2
knba,1b,P6/mmm,49,4,9
knc,4,P4(2)/mmc,21,3,2
koh,1b,F-43m,14,3,3
kpc,4,Fm-3m,22,3,2
kto,1b,R3m,10,3,5
kts,1a,R3,13,4,8
kty,4,P4/mmm,9,3,2
ktya,3,P4/mmm,29,4,8
kwo,1b,P2/m,25,7,15
kxe,4,R-3c,17,2,3
law,1b,Im-3,19,2,3
lcs,1a,Ia-3d,13,1,1
lcsa,1b,Ia-3d,49,1,3
lcse,1a,Ia-3d,49,1,2
lcv,1a,I4(1)32,7,1,1
lcva,1a,I4(1)32,25,1,4
lcve,4,I4(1)32,25,1,3
lcvf,1b,I4(1)32,13,1,3
lcx,3b,Pm-3n,19,1,1
lcy,1a,P4(1)32,9,1,1
lcya,1b,P4(1)32,25,1,3
lcye,1a,P4(1)32,25,1,2
lev,1b,R-3m,19,2,5
lfm,1b,Imma,5,2,3
lhb,2b,Fdd2,7,1,3
lib,1a,P4/mmm,13,2,4
lig,1b,I4(1)/amd,5,1,2
lil,1b,Imma,5,2,2
lim,1b,Imma,5,2,2
llj,3,I4/mmm,8,2,2
llk,4,Im-3m,22,2,2
lng,1b,P2(1)3,29,3,4
lni,1b,P6(3)/mmc,13,2,3
lnj,1b,P6(3)/mmc,11,2,2
lon,1b,P6(3)/mmc,5,1,2
lona,1b,P6(3)/mmc,17,2,4
los,1b,P6(3)/mmc,25,2,4
lqm,1b,I4(1)22,9,2,3
lrj,1b,Cccm,13,2,6
lta,1a,Pm-3m,25,1,3
ltae,1b,Pm-3m,97,3,4
ltj,1b,P4(1)2(1)2,17,2,5
ltl,1b,P6/mmm,37,2,6
ltw,4,P-43n,61,2,6
lul,4,I4(1)/amd,13,2,2
lum,1b,I4(1)/amd,13,2,3
lun,1b,I4(1)/amd,13,2,3
luo,4,I4(1)md,13,3,5
lvt,1b,I4(1)/amd,5,1,1
lvta,1b,I4(1)/amd,9,1,3
lwg,1b,I4/mmm,11,3,3
lwh,2,Im-3m,27,3,3
lxx,1b,I-42d,25,3,7
maw,1b,Im-3m,19,2,2
maz,1b,P6(3)/mmc,37,2,6
mcf,2b,Cmmm,5,2,4
mcfd,2b,Cmmm,5,2,3
mcn,2b,P4/mbm,7,2,3
mco,1b,P-62m,7,4,3
mcs,1b,P2(1)3,17,3,3
mdf,4,I4(1)22,5,1,2
med,1b,I4(1)/amd,41,3,7
mef,1b,Pm-3n,147,5,6
mep,1a,Pm-3n,47,3,4
mer,1b,I4/mmm,17,1,4
met,1b,Fd-3m,19,3,2
mfj,1b,Cmcm,13,4,5
mft,1b,P6(3)/mcm,49,2,6
mgca,1b,Fd-3m,37,2,4
mgd,1a,Fd-3m,19,3,2
mgg,1b,I4/mmm,11,2,3
mgz,4,P6(3)/mmc,37,3,3
mgzxd,1b,P6(3)/mmc,69,7,11
mhg,1a,P4/mbm,21,2,5
mjb,1b,P4/mmm,7,2,3
mml,1b,P4/nmm,11,3,3
mmn,2,P4/nmm,15,3,3
mmt,1b,Pccn,9,1,3
moa,1b,Cmmm,5,2,4
moc,1b,Cmmm,4,2,3
mod,1b,Pnma,17,4,5
mof,1b,Fm-3m,17,3,3
mog,1b,Cmmm,4,2,2
mok,4,Cccm,5,1,3
mon,1b,I4(1)/amd,9,1,3
mot,2b,P4/mmm,4,2,2
mota,1a,P4/mmm,7,3,4
mote,1b,P4/mmm,7,2,2
motea,1a,P4/mmm,21,3,7
mou,2b,P4/mmm,6,2,3
mrc,1b,Pnnm,9,2,3
msp,1b,C2/c,5,1,4
msq,1b,P4/mmm,18,3,2
msw,2b,P4(2)/nnm,5,1,2
muo,1b,P6(3)/m,17,3,4
mvy,1b,Pnnm,13,2,5
myc,1b,I2(1)3,15,2,3
myd,1b,I2(1)3,15,2,2
myda,1b,I2(1)3,49,4,9
mzz,1b,P6(3)/m,17,4,4
nab,1b,I-4m2,6,2,3
nat,1b,I4(1)/amd,11,2,3
nba,1a,Pm-3m,10,2,2
nbo,1a,Im-3m,4,1,1
nboa,1a,Im-3m,7,1,2
nboae,1a,Im-3m,19,2,2
nboxd,3b,Im-3m,16,2,2
neb,1b,Fddd,5,1,2
nebe,1b,Fddd,17,2,4
nfb,2b,Pm-3n,49,1,4
nha,4,Im-3m,29,2,2
nht,4,R3m,9,3,4
nia,1b,P6(3)/mmc,9,2,1
niaa,4,P6(3)/mmc,31,2,5
nind,4,P6/mmm,16,2,3
nip,1b,I2/a,7,2,4
niq,1b,C2/c,7,2,5
nir,1b,C2/c,7,2,5
nju,1a,Im-3m,16,3,2
nka,1b,Cmma,9,4,3
nkb,1a,Cmma,9,3,3
nkc,1b,P4(2)/mmc,9,3,3
nkd,4,P4(2)/mmc,9,4,3
nke,1b,P4(2)/mmc,13,4,5
nkf,4,P4(2)/mmc,13,5,5
nko,1b,Pmmm,7,5,5
nkq,1b,Pmmm,7,4,5
nnd,1b,Cmcm,7,2,4
nob,1b,Pmna,7,2,4
noc,1b,P6(4)22,10,2,4
nod,1b,Cccm,5,2,3
noe,1b,C2/m,5,3,5
nof,1b,Cccm,5,2,3
noh,1b,Pa-3,17,2,2
noi,1b,Cmcm,7,2,4
noj,1a,P4(3)22,5,2,3
nol,1b,Pnma,17,2,5
noq,1b,C2/c,7,2,4
nor,1b,C2/m,6,2,4
nos,1b,P2(1)/n,13,6,9
not,1b,P2(1)/c,13,3,7
nou,1b,P4/mbm,9,3,2
noua,1b,P4/mbm,25,4,8
nox,1b,Imma,7,2,3
npo,1b,P6(3)/mmc,7,1,2
npoa,1b,P6(3)/mmc,25,2,5
nta,1b,R-3m,7,2,3
ntb,1b,P4(2)/nmc,13,2,4
ntt,1b,Fm-3m,29,3,2
nva,1b,Cmca,7,2,4
nvb,1b,Cmca,7,2,4
nyn,4,P4/mmm,12,3,2
ocu,1a,Im-3m,18,2,1
off,1b,P-6m2,19,2,6
ofo,4,P6422,7,1,3
ofp,1b,I-42m,6,3,2
oge,1b,Im-3m,37,4,4
omy,1a,F-43m,6,2,2
ood,4,P6/mmm,17,3,2
osa,1b,Cmcm,9,1,4
osc,1b,Pnma,17,1,4
oso,1b,P6(2)22,10,2,2
pbge,1b,Ia-3d,73,2,3
pbp,1b,Im-3m,13,1,2
pbpe,1b,Im-3m,37,2,2
pbpl,1b,Im-3m,37,3,4
pbz,1a,Pn-3m,13,1,2
pbzl,1b,Pn-3m,37,3,4
pbzm,1b,Pn-3m,49,3,5
pcb,1a,Im-3m,9,1,2
pcl,1b,Cmcm,9,1,4
pcn,1b,P4/mmm,57,8,10
pcu,1a,Pm-3m,3,1,1
pcug,1b,Ia-3,13,1,2
pcuge,1b,Ia-3,37,2,3
pcuh,1b,R-3m,4,1,2
pcuhe,1b,R-3m,10,2,2
pcum,1a,Fm-3c,97,1,4
pda,1,Pm-3m,61,2,3
pdp,1b,Pm-3n,35,3,2
pds,1b,P4(2)/m,17,4,4
pek,4,P6/mmm,21,3,2
pfm,2,I4/mmm,9,3,2
phi,1b,Cmcm,17,2,6
phl,1b,P2(1)/n,11,5,8
phw,1b,P6(2)22,7,2,2
phx,4,P6(2)22,7,2,2
pmc,3,I4(1)32,49,1,5
pse,ib,P4(2)/mbc,49,5,6
pspa,1a,P4(2)/mmc,29,4,8
ptd,1b,Pm-3,11,2,2
pte,2b,Cmmm,5,2,3
pth,1b,P6(2)22,7,2,1
ptha,1b,P6(2)22,19,2,6
pti,1b,Imma,9,3,2
pto,1a,Pm-3n,11,2,1
ptod,2b,Pm-3n,11,2,2
ptr,1b,R-3m,13,2,2
pts,1b,P4(2)/mmc,5,2,1
ptsa,1b,P4(2)/mmc,13,2,5
ptsf,1b,P4(2)/mmc,7,2,3
ptsg,1b,P4(2)/mmc,11,2,3
ptt,1b,Cccm,9,3,2
ptta,1b,Cccm,25,4,10
pyc,1a,Fd-3m,37,1,2
pyf,1b,I-43m,18,4,3
pyo,1b,P4(1)32,13,3,2
pyr,1b,Pa-3,13,2,1
pyre,1b,Pa-3,49,1,3
pzh,1b,Im-3m,37,3,3
qdl,2b,P6(2)22,7,1,3
qdle,1b,P6(2)22,13,3,2
qdlea,1b,P6(2)22,31,4,10
qms,4,Pm-3n,37,2,2
qom,1b,P-31c,25,5,5
qtz,1b,P6(2)22,4,1,1
qtza,1b,P6(2)22,13,1,4
qtze,1a,P6(2)22,13,1,3
qtzh,1b,P6(2)22,7,1,3
qza,1b,P6(4)22,7,2,2
qzd,2b,P6(2)22,4,1,2
qzh,1b,P-43m,27,3,5
raa,1b,C2/m,5,2,5
rab,1b,Cccm,9,2,5
rac,2,Pnna,9,1,4
rad,1b,Cmcm,13,3,6
rae,1b,Pbcn,17,2,5
reo,1a,Pm-3m,10,1,1
reoda,1b,Pm-3m,26,3,4
reoe,1a,Pm-3m,25,1,2
reot,1b,Pm-3m,145,3,10
rho,1a,Im-3m,25,1,2
rhoe,1a,Im-3m,97,2,4
rhp,1b,Im-3m,97,3,6
rhr,1b,Im-3m,13,1,1
rkf,4,P6(2)22,13,1,4
rnb,1b,P4(3)22,17,4,5
rnc,1b,P4(3),13,4,7
rob,2b,Cccm,5,1,2
rra,1b,Im-3m,37,3,3
rtl,1b,P4(2)/mnm,7,2,2
rtw,2b,P4/mbm,9,2,3
sab,4,I4cm,13,2,3
sas,1b,I4/mmm,17,2,4
sat,1b,R-3m,25,2,7
sbr,`b,Cmma,9,3,2
sbra,1b,Cmma,21,4,10
scu,1b,P4/mmm,6,2,1
scua,1b,P4/mmm,13,2,5
scuh,5 P4/mmm,P4/mcc,33,2,6
sda,2,I4(1)md,5,1,2
sdt,1a,Im-3m,31,2,3
sea,1a,Cmmm,8,2,2
seb,2b,Pmmm,6,2,4
ses,1,Im-3m,27,2,2
sesa,1a,Im-3m,49,3,5
shb,4,P6/mmm,16,3,2
she,2,Im-3m,15,2,1
shea,1a,Im-3m,25,2,3
sho,2b,Im-3m,24,3,2
shp,4,P6/mmm,9,2,1
shpa,1b,P6/mmm,19,2,5
sie,1b,Cmmm,9,2,5
sit,1b,Imm2,4,2,2
siz,2,I4(1)32,25,2,4
skd,1b,Imma,9,1,4
ske,1b,Imma,9,1,4
sku,1a,Im-3,21,2,3
sky,4,Pm-3n,43,2,2
sln,1b,P6(3)/m,11,3,3
smb,1b,R3m,7,1,2
smc,1b,R32,7,1,2
sme,1a,R-3c,13,1,3
smg,1b,R-3c,13,1,2
smh,1a,P6(1)22,13,1,3
smi,1b,P6(1)22,13,1,2
smk,1a,P6(1)22,13,1,3
sml,1a,P6(2)22,13,1,3
smm,1a,R32,7,1,3
smn,1b,R-3c,13,1,2
smp,1b,I-43m,25,1,2
smq,1b,Pm-3n,49,1,2
sms,1b,R-3m,13,1,3
smt,1b,P6(1),13,1,3
smu,1b,P-62c,13,1,3
smw,1b,P6/mcc,25,1,3
sne,1b,I-42d,9,1,2
snf,1a,Pm-3,25,1,3
sng,1a,Fm-3,25,1,3
snh,1a,Im-3,25,1,3
sni,1b,I4/mcm,9,1,2
snk,1a,I4(1)/amd,9,1,2
snl,1a,I4(1)/amd,17,1,3
snm,1a,P4(1)22,9,1,3
sno,1a,I4(1)/acd,17,1,3
snp,1a,P4(2)/mmc,9,1,3
snr,1b,I432,49,1,4
snv,1b,P432,49,1,4
snw,1b,I4(1)/amd,9,1,2
snx,1b,P6(3)/mmc,13,1,2
sny,1a,P6(3)/mmc,13,1,3
soc,2b,Im-3m,15,2,1
sod,1a,Im-3m,7,1,1
sode,1a,Im-3m,25,1,2
sodh,1b,Pn-3m,25,1,3
soj,1b,Pbcn,17,1,4
sok,1b,Fddd,17,1,5
sol,1b,Pbcn,17,1,4
som,1b,Fddd,17,1,5
son,1b,Fddd,17,1,5
spl,1a,Fd-3m,19,3,2
spn,1c,Fd-3m,13,2,1
spp,4,P6/mmm,19,3,2
sppa,1a,P6/mmm,55,4,10
sqc,4,I4(1)/amd,11,2,1
sqca,1b,I4(1)/amd,25,2,6
sqpa,1b,I4/mmm,12,2,4
sqsa,1b,P6/mmm,46,3,7
sra,1b,Imma,5,1,3
srb,1b,Imma,7,2,4
src,4,P4(2)32,9,2,2
srd,3,P4(2)32,9,2,2
srdl,1b,P4(2)32,19,2,4
srs,1a,I4(1)32,3,1,1
srsae,1a,I4(1)32,19,2,2
ssa,4,P6(3)/mmc,13,2,1
ssaa,1b,P6(3)/mmc,25,2,5
ssb,1b,I4/mmm,9,2,1
ssba,1b,I4/mmm,17,2,5
ssca,1b,I4(1)32,25,2,5
ssd,2b,Pm-3m,19,2,2
ssde,1b,Pm-3m,37,2,4
sse,2b,P4/mmm,9,2,3
ssee,1b,P4/mmm,17,3,4
ssf,2b,P4/mmm,13,2,4
ssfe,1b,P4/mmm,25,4,5
ssm,4,I4(1)/a,25,2,7
sss,2b,P6/mmm,13,3,2
sssa,1b,P6/mmm,43,4,8
sst,2b,Im-3m,25,1,2
sste,1b,Im-3m,49,2,3
sta,1b,P6(3)/mmc,13,2,2
stb,1b,R-3m,7,2,2
stc,1b,R-3m,9,2,3
std,1b,P6(3)/mmc,17,3,2
ste,1b,P6(3)/mmc,17,3,2
stj,1b,I4/mmm,9,2,2
stp,1b,P6/mmm,8,2,1
stpa,1b,P6/mmm,19,2,5
str,1a,Fd-3m,25,2,2
stu,1b,I4/mmm,9,2,2
stx,1b,I4/mmm,9,2,2
sty,4,P6(3)/mmc,13,2,2
sur,1b,Cccm,5,2,2
svna,1b,Pa-3,45,3,5
svnd,1b,Pa-3,21,2,2
sxa,2,Cmma,5,1,3
sxb,2,Cccm,5,1,3
sxc,2,P6(2)22,7,1,2
sxcd,1b,P6(4)22,7,2,3
sxe,1b,Pa-3,49,1,3
sxf,1b,Pa-3,49,1,3
sxg,1b,Pa-3,49,1,3
sxh,1a,Ia-3,49,1,4
sxi,1a,P4(1)32,49,1,4
sxk,1a,I-43d,49,1,4
sxn,1a,Ia-3d,97,1,4
sxp,1a,Ia-3d,97,1,4
sxq,1a,Ia-3d,97,1,4
tap,4,I4/m,17,4,6
tbo,1b,Fm-3m,11,2,1
tdc,1b,P6/mmm,61,3,9
tdd,1b,P6/mmm,85,4,12
tee,4,I4/mmm,14,3,2
tej,4,P4(2)/nnm,19,2,3
ten,4,I23,13,1,3
tfa,1b,I-4m2,3,2,2
tfb,1b,Fm-3m,13,2,2
tfc,2,Cmmm,3,2,3
tfce,1b,Cmmm,6,3,3
tfe,1b,Pm-3m,14,3,2
tfg,1b,Pm-3m,17,2,2
tfh,1b,Im-3,15,2,3
tfi,1b,P4(2)/mmc,5,2,2
tfj,1b,I4/mmm,6,3,2
tfk,1b,P4(2)/mmc,5,2,2
tfl,1b,Fdd2,5,2,3
tfm,1,I4(1)/amd,11,3,2
tfn,1a,P4(2)/mnm,7,2,3
tfo,1b,Fmmm,4,2,3
tfp,1b,P6/mmm,8,3,2
tfq,1b,P6(4)22,7,2,2
tfs,1a,P6/mmm,13,1,3
tfu,1b,R-3c,15,3,3
tfv,1b,P-4n2,5,2,2
tfzd,2b,P6/mmm,5,2,2
the,4,Pm-3m,14,2,1
thh,`b,I4(1)/amd,25,2,5
thj,1b,I2(1)2(1)2(1),5,2,3
thl,1b,P2(1)/c,11,3,5
thpx,3b,I-43d,31,1,2
ths,1b,I4(1)/amd,3,1,2
thse,1a,I4(1)/amd,7,2,2
toc,1b,Pn-3m,15,2,1
toca,1b,Pn-3m,61,2,5
tona,1,Pn-3m,49,3,5
tot,4,P4(2)32,15,3,2
tpd,1b,P6(3)/mmc,17,2,4
tps,1b,P6/mmm,14,3,2
tpsa,1b,P6/mmm,31,4,9
tpta,4,P6/mcc,49,2,6
tpy,1b,P6/mmm,8,3,3
tpz,1b,P6/mmm,14,3,3
tru,1b,Pm-3m,43,5,4
tsa,1b,P6(3)/mmc,9,3,2
tsb,1b,P6(3)22,9,3,2
tsd,1b,Pmmm,6,4,3
tse,1b,P6(3)/mmc,17,4,3
tsf,1b,Pmmm,8,4,3
tsg,1b,P-6m2,5,3,2
tsh,1b,R32,5,3,2
tsi,1a,I4(1)/amd,7,1,2
tsj,4,P-6m2,5,2,2
tsq,1b,I4/mmm,11,3,2
tsqa,1b,I4/mmm,29,4,9
tsx,4,I-42m,4,2,2
tsy,1b,Cmmm,8,3,4
tta,1b,Pm-3,14,3,3
ttc,1b,I4/mmm,9,2,3
ttf,1b,I4/mmm,9,2,3
ttg,1b,P-4n2,5,2,3
ttp,1b,P6/mmm,8,2,2
ttu,1b,R-3c,15,2,3
ttv,2b,Pm-3,9,2,2
ttx,2b,P6/mmm,8,2,2
tty,2b,P4/mmm,6,2,2
ttz,1b,R-3m,11,3,3
tub,1b,P6(3)mc,27,5,7
twfa,1a,Im-3m,49,2,5
twfd,1b,Im-3m,18,3,2
twfe,3b,Im-3m,49,1,4
twt,1b,P6(2)22,4,1,2
tzs,1b,I4/mcm,9,1,3
ubo,1,I4(1)/acd,17,2,2
ucp,1b,Pm-3m,25,2,2
uka,1b,I4(1)/acd,17,1,3
ukb,1b,P4(2)/nbc,17,1,3
ukc,1b,I4(1)/acd,17,1,4
ukd,1b,I4(1)/acd,17,1,3
uke,1b,Fddd,9,1,4
ukf,1b,P6(2)22,13,1,4
ukg,1b,P4(2)/n,9,1,3
ukh,1b,P6(2)22,13,1,4
uki,1b,I-42d,9,1,3
ukk,1b,I-42d,9,1,3
ukm,1b,Fddd,9,1,4
ukn,1b,R-3m,13,1,4
uko,1b,Ia-3,25,1,3
ukp,1b,I4(1)32,25,1,3
ukr,1b,Pm-3n,49,1,3
uks,1b,Pn-3m,25,1,2
ukt,1b,P4/nnc,17,1,3
ukv,1b,R-3c,13,1,3
ukw,1b,Ia-3d,49,1,3
ukx,1b,Ia-3d,49,1,3
ula,1b,Ia-3d,49,1,3
ulg,1b,F4(1)32,25,1,3
ulh,1b,F4(1)32,25,1,3
uli,1b,I432,25,1,3
ulj,1b,I-43d,25,1,2
ull,1b,I432,25,1,3
uma,1b,R-3m,13,1,4
umb,1b,P6(2)22,13,1,4
umc,1b,Cccm,9,1,4
umd,1b,P4(2)/mcm,17,1,4
umf,1b,P4(2)22,9,1,4
umg,1b,P6(2)22,13,1,4
umh,1b,P4(2)/nnm,17,1,4
umi,1b,I4(1)/amd,17,1,4
umj,1b,P6(2)22,13,1,4
umk,1b,P6(3)/mcm,25,1,4
uml,1b,R-3c,13,1,4
umm,1b,P6(2)22,13,1,4
umn,1b,R-3c,13,1,4
umo,1b,P6(1)22,13,1,4
umq,1b,I4/mcm,17,1,4
umr,1b,I4(1)/acd,17,1,3
ums,1b,R-3c,13,1,3
umt,4,P6(3)/m,49,6,9
umu,1b,I4(1)/amd,17,1,4
umv,1b,Fddd,9,1,4
umw,1b,P4(1)22,9,1,4
umx,1b,P4(2)/mcm,9,1,3
umy,1b,P6(1)22,13,1,3
umz,1b,P4(2)/nbc,17,1,3
una,1a,P6(1)22,13,1,4
unb,1a,R-3m,7,1,3
unc,1b,P4(1)22,5,1,2
und,1b,I4(1)/acd,9,1,2
une,1b,R-3,7,1,3
unf,1b,P-31c,13,1,3
ung,1b,R-3c,7,1,2
unh,1b,P6(1)22,7,1,2
uni,1b,P6(1)22,7,1,2
unid,1b,P6(1)22,7,2,3
unj,1b,P6(1)22,7,1,2
unl,1b,R-3c,13,1,3
unm,1b,P4(2)2(1)2,9,1,3
unn,1b,R-3c,7,1,2
uno,1b,I4(1)32,13,1,2
unp,1b,R32,7,1,3
unr,1b,R-3c,13,1,3
uns,1b,R-3c,13,1,3
unu,1b,R-3c,13,1,3
unv,1b,I2(1)3,13,1,3
unw,1a,I432,13,1,2
unx,1a,F4(1)32,13,1,2
uoa,1b,I4(1)/acd,17,1,3
uob,1b,I4(1)22,9,1,4
uoc,1b,I4(1)22,5,1,2
uod,1b,Fddd,9,1,4
uoe,1b,I4(1)/acd,17,1,4
uof,1b,P6(2)22,13,1,4
uog,1b,P6(2)22,7,1,2
uoh,1b,R-3c,13,1,3
uoi,1b,I4(1)/acd,17,1,3
uoj,1b,P-4n2,9,1,3
uol,1b,P6(1)22,13,1,3
uom,1a,P6(2)22,7,1,3
uon,1b,P6(2)22,7,1,2
uop,1b,P6(2)22,13,1,4
uoq,1b,P6(2)22,13,1,4
uos,1b,I4(1)/amd,17,1,4
uot,1b,I-42m,9,1,3
uou,1b,Ccca,9,1,4
uov,1b,P-4c2,9,1,3
uow,1b,I4(1)/acd,17,1,3
uox,1b,I4(1)/acd,17,1,3
uoy,1b,I4(1)22,9,1,4
uoz,1b,I4(1)/amd,9,1,3
upa,1b,P4(2)2(1)2,9,1,3
upb,1b,I422,9,1,3
upd,1b,I4(1)/acd,17,1,3
urf,2b,Im-3m,20,3,2
urg,3b,Pm-3n,25,3,2
urga,1b,Pm-3n,81,4,6
urh,1a,P-43n,17,3,2
urha,1b,P-43n,53,4,6
uri,1a,Pm-3,18,3,2
urj,2b,P4(2)/mmc,11,3,2
urja,1b,P4(2)/mmc,29,4,9
urk,1a,Pm-3m,12,3,2
url,1a,Im-3m,27,3,2
urn,4,Pm-3m,34,3,2
urp,4,Im-3m,42,3,2
urr,1,Pm-3m,23,3,2
urt,4,I4/mmm,12,3,2
urz,1,I4/mcm,13,3,2
usf,2b,R-3c,7,1,2
utae,1b,Fd-3m,37,2,2
utb,1a,I432,7,1,2
utc,1b,I4(1)32,13,1,3
utg,1b,I4(1)22,5,1,3
utj,1b,P4(2)/nbc,9,1,3
utk,1b,P4(1)22,5,1,3
utm,1b,I4(1)/acd,9,1,3
utn,1b,I4(1)/acd,9,1,3
uto,1b,I4(1)/acd,9,1,3
utp,1b,Pnna,5,1,3
utq,1b,Fddd,5,1,3
vab,2b,Ia-3d,13,1,2
vba,1b,Fddd,9,1,4
vbb,1b,Fddd,9,1,4
vbl,1b,Fddd,17,1,5
vbm,1b,Cccm,17,1,5
vbn,1b,Pbcn,17,1,4
vbo,1b,C222(1),9,1,4
vbp,1b,Ibca,17,1,5
vbr,1b,Cmca,17,1,5
vbt,1b,Pccn,17,1,4
vbu,1b,Pccn,17,1,4
vbv,1b,Ccca,17,1,5
vbw,1b,Cmca,17,1,5
vbx,1b,Cmcm,17,1,5
vby,1b,Cccm,9,1,4
vcc,1b,Fddd,17,1,5
vcf,1b,Fddd,17,1,5
vcz,1b,Pbcn,17,1,4
vda,1b,Fddd,17,1,5
vfi,1b,P6(3)/mcm,37,2,6
viv,1a,Im-3m,50,5,4
vmd,1b,C2/c,9,1,4
vme,1b,P2(1)/c,9,1,4
vmf,1b,C2/m,9,1,5
vmg,1b,C2/c,9,1,5
vmh,1b,A2/n,9,1,5
vmi,1b,I2/a,9,1,5
vmj,1b,I2/a,9,1,4
vmk,1b,I2/a,9,1,5
vms,1b,I2/a,13,1,6
vmv,1b,P2(1)/n,13,1,5
vng,1b,C2/m,9,1,5
vtx,1a,I4(1)/amd,11,2,2
vvi,2b,Im-3m,54,5,4
wbl,1b,I4(1)22,9,2,2
wgw,1b,P4(2)/ncm,17,1,3
wgx,1b,I4/m,17,1,4
wgy,1a,I4/mmm,17,1,4
wgz,1a,I422,17,1,5
wha,1b,P-42(1)c,17,1,3
whb,2a,P4(2)/nmc,17,1,4
whc,1b,P-4c2,17,1,4
whd,1b,I-42m,17,1,4
whe,1a,P4/mcc,33,1,5
whf,1b,P4/nnc,33,1,4
whg,1b,P4/nnc,33,1,4
whh,1a,P4/nnc,33,1,5
whi,1b,P4/ncc,33,1,4
whj,1b,P4/ncc,33,1,4
whk,1b,P4/ncc,33,1,4
whl,1b,P4(2)/nbc,33,1,4
whm,1b,P4(2)/nbc,33,1,4
whn,1a,P4(2)/nbc,33,1,5
who,1a,P4(2)/nbc,33,1,5
whp,1b,P4(2)/ncm,33,1,4
whq,1a,I4/mcm,33,1,5
whr,1b,I-4c2,17,1,4
whs,1a,P4(1)22,17,1,5
wht,1b,P4(1)2(1)2,17,1,4
whv,1b,I4(1)/a,17,1,4
whw,1a,I4(1)/amd,17,1,4
whx,1b,I4(1)/a,17,1,4
why,1b,I4(1)/a,17,1,4
whz,1b,I4(1)/a,17,1,4
wia,2a,I4(1)/amd,17,1,4
wib,1b,I4(1)/a,17,1,4
wid,1b,I4(1)/a,17,1,4
wie,1b,I4(1)/a,17,1,4
wig,1b,I-42d,17,1,4
wii,1a,I4(1)/amd,33,1,5
wij,1b,I4(1)/acd,33,1,4
wil,1b,I4(1)/acd,33,1,4
wim,1b,I4(1)/acd,33,1,4
win,1b,I4(1)/acd,33,1,4
wio,1b,I4(1)/acd,33,1,4
wip,1a,I4(1)/acd,33,1,5
wiq,1a,I4(1)/acd,33,1,5
wir,1a,I4(1)/acd,33,1,5
wis,1a,I4(1)/acd,33,1,5
wiu,1b,I4(1)/a,17,1,4
wiv,1b,I-42d,17,1,4
wiw,1b,R-3c,7,1,3
wix,1b,P6(1)22,7,1,3
wiy,1b,P6(1)22,7,1,3
wiz,1b,P6(2)22,7,1,3
wja,1b,P6(3)/m,25,1,4
wjb,1a,P6(3)/mcm,49,1,5
wjd,1b,P-62c,25,1,4
wje,1b,P6(2)22,13,1,4
wjf,1b,P6(2)22,13,1,4
wjg,1b,P6(2)22,13,1,4
wjh,1b,P6(1)22,13,1,4
wji,1b,P6(1)22,13,1,4
wkf,1b,P6(1)22,25,1,4
wkg,1b,P6(1)22,25,1,4
wkh,1b,P6(1)22,25,1,4
wkj,1a,P6(2)22,25,1,6
wkl,1a,P6(1)22,25,1,5
wkn,1a,P6(1)22,25,1,5
wko,1a,P6(1)22,25,1,5
wkp,1a,P6(1)22,25,1,5
wkq,1a,P6(1)22,25,1,5
wkr,1a,P6/mcc,49,1,5
wkw,1a,P6(1),19,1,4
wky,1b,Fddd,9,1,3
wma,1b,P3(2)21,13,1,4
wmb,1b,P3(2)21,13,1,4
wmc,1b,R3c,13,1,3
wmd,1a,P6(1)22,25,1,5
wme,1b,P6(3)22,25,1,4
wmf,1b,R-3,13,1,4
wmg,1b,R-3,13,1,4
wmh,1b,R-3,13,1,4
wmi,1b,R32,13,1,4
wmj,1b,P-31c,25,1,4
wmk,1b,P-31c,25,1,4
wmm,1b,P-3c1,25,1,4
wmn,1b,P-3c1,25,1,4
wmo,1b,P-3c1,25,1,4
wmp,1a,R-3m,25,1,5
wmq,1a,R-3m,25,1,5
wmr,1b,R-3c,25,1,4
wmt,1a,R-3c,25,1,5
wmu,1b,R-3c,25,1,4
wmv,1b,R-3c,25,1,4
wmw,1b,R-3c,25,1,4
wmx,1b,R-3c,25,1,4
wmy,1b,R-3c,25,1,4
wmz,1b,R-3c,25,1,4
wna,1b,R-3c,25,1,4
wnc,1b,R-3c,25,1,4
wnd,1b,R-3c,25,1,4
wne,1a,R-3c,25,1,5
wse,1a,Im-3m,49,1,4
wut,1b,I-4c2,11,2,3
wxs,4,P4/mbm,35,5,5
xaa,1b,Fm-3m,11,2,2
xab,1b,Pn-3m,15,2,2
xac,4,Pn-3m,17,2,2
xad,2b,Im-3m,15,2,2
xaf,1a,Im-3m,18,2,2
xah,4,P4/mmm,6,2,2
xai,4,P6/mmm,8,2,2
xaia,1b,P6/mmm,23,3,6
xaj,4,Pm-3m,21,3,2
xak,1a,I4/mmm,10,2,2
xam,4,Im-3m,24,2,2
xao,1b,I4/mmm,6,2,3
xaq,1b,P-43m,9,3,3
xat,1b,P6(3)/mmc,9,2,2
xav,2b,Pm-3m,26,2,3
xaw,2b,Pm-3m,23,2,2
xaz,2b,Im-3m,30,2,2
xba,2b,Pm-3m,18,3,2
xbaa,1b,Pm-3m,53,4,6
xbb,1a,Pm-3m,21,3,3
xbe,1a,I4/mmm,5,2,3
xbf,1a,Fm-3m,23,2,2
xbg,1a,Pm-3m,26,2,2
xbh,1a,Fm-3m,23,2,2
xbi,1a,Fm-3m,25,2,2
xbl,4,Pm-3n,13,2,2
xbm,1a,Pm-3m,12,2,2
xbo,4,Pm-3m,14,3,2
xbt,4,Pn-3m,15,2,2
xbv,1a,Fm-3m,18,3,2
xby,4,P6(3)/mmc,9,2,2
xbya,1b,P6(3)/mmc,29,3,6
xca,1b,Immm,6,2,4
xcb,1b,P6(3)/mmc,11,2,4
xci,1b,P6/mmm,8,2,3
xda,1b,Immm,6,2,3
xik,1b,Im-3m,31,2,3
xly,4,P6/mmm,16,2,2
xlz,4,P6/mmm,16,2,2
xux,ib,I-4m2,4,2,2
xxv,2,Pm-3m,12,2,2
yac,1b,P6(3)/mmc,41,8,7
yao,1b,P6(3)/mmc,21,5,4
yav,2b,P6/mmm,6,2,2
yava,1b,P6/mmm,17,3,5
yavd,2b,P6/mmm,6,2,2
yavda,1b,P6/mmm,10,3,4
ycq,1b,Pn-3m,37,2,3
ycr,1b,Pn-3m,49,2,4
ycs,1b,Pn-3m,61,3,5
yct,1b,Pn-3m,73,3,6
ylf,2,I4/mmm,13,2,3
yug,1b,C2/m,9,2,6
yyz,4,P6(1)22,13,1,3
zba,1b,I-42d,25,2,6
zbb,1b,C2/m,8,3,6
zbc,1b,C2/m,11,3,7
zbe,1b,C2/c,21,3,9
zbl,1b,Fmmm,12,2,5
zbn,1b,I4(1)/amd,41,2,7
zbo,1b,C2,12,3,9
zbr,2,Imma,17,2,7
zbs,2,P4/mcc,17,2,4
zbt,1b,Cmmm,12,2,6
zbz,1b,P4(1)22,21,2,6
zca,1b,P2(1)/n,15,3,8
zcc,2,I4/mmm,9,2,4
zea,1b,P4(2)/mnm,53,4,8
zeb,1b,Imma,25,3,9
zec,2b,Cmmm,11,2,4
zhc,1b,P4/mmm,49,8,9
zjz,2b,Pm-3m,23,3,3
zlla,1b,I4/mmm,20,3,6
zme,1b,P6(3)/mmc,13,2,3
zmj,1b,P4/mmm,25,4,5
zni,1b,I4(1)/acd,17,1,3
znp,1b,Cmcm,13,4,6
znz,1a,P6(3)/mmc,17,2,3
zrad,1b,P6/mmm,41,5,8
zrade,3b,P6/mmm,161,8,16
zsn,1b,P4(2)/nmc,25,3,5
zul,1b,Imma,15,3,6
zxc,1b,R-3c,9,3,2
zxd,1b,R-3c,9,2,3
zyg,1b,P6(3)/mcm,15,3,2
zyl,1b,Cmc2(1),5,3,4
zzz,2b,P4/n,13,2,3
